,Season,Div,Date,HomeTeam,AwayTeam,FTHG,FTAG,FTR,HTHG,HTAG,HTR,HS,AS,HST,AST,HF,AF,HC,AC,HY,AY,HR,AR,PSH,PSD,PSA
187807,2223,T1,2022-08-05,Istanbulspor,Trabzonspor,0.0,2.0,A,0.0,1.0,A,3.0,13.0,2.0,5.0,13.0,11.0,1.0,10.0,2.0,2.0,0.0,0.0,4.89,3.84,1.77
187870,2223,T1,2022-08-06,Sivasspor,Gaziantep,1.0,1.0,D,0.0,1.0,A,9.0,16.0,3.0,6.0,11.0,14.0,2.0,6.0,2.0,3.0,0.0,0.0,2.01,3.71,3.81
187871,2223,T1,2022-08-06,Besiktas,Kayserispor,1.0,0.0,H,0.0,0.0,D,20.0,5.0,6.0,1.0,22.0,14.0,9.0,4.0,5.0,2.0,1.0,1.0,1.52,4.6,6.44
187941,2223,T1,2022-08-07,Antalyaspor,Galatasaray,0.0,1.0,A,0.0,0.0,D,12.0,13.0,4.0,4.0,17.0,16.0,1.0,6.0,2.0,4.0,0.0,0.0,2.55,3.54,2.83
187942,2223,T1,2022-08-07,Karagumruk,Alanyaspor,2.0,4.0,A,0.0,2.0,A,17.0,10.0,4.0,6.0,19.0,19.0,10.0,3.0,2.0,3.0,0.0,0.0,2.72,3.66,2.59
187943,2223,T1,2022-08-07,Giresunspor,Ad. Demirspor,2.0,3.0,A,0.0,2.0,A,14.0,10.0,5.0,4.0,21.0,16.0,6.0,1.0,3.0,2.0,0.0,0.0,3.07,3.69,2.32
187945,2223,T1,2022-08-08,Ankaragucu,Konyaspor,0.0,0.0,D,0.0,0.0,D,12.0,10.0,3.0,0.0,14.0,6.0,6.0,3.0,1.0,0.0,0.0,0.0,3.33,3.54,2.22
187946,2223,T1,2022-08-08,Buyuksehyr,Kasimpasa,4.0,0.0,H,2.0,0.0,H,15.0,9.0,7.0,3.0,14.0,15.0,6.0,5.0,2.0,3.0,0.0,0.0,1.83,3.74,4.49
187948,2223,T1,2022-08-08,Fenerbahce,Umraniyespor,3.0,3.0,D,2.0,1.0,H,17.0,10.0,6.0,5.0,14.0,13.0,5.0,5.0,7.0,2.0,0.0,0.0,1.32,5.59,9.84
187963,2223,T1,2022-08-12,Trabzonspor,Hatayspor,1.0,0.0,H,0.0,0.0,D,21.0,7.0,6.0,3.0,18.0,10.0,11.0,2.0,2.0,3.0,0.0,0.0,1.5,4.61,6.71
188028,2223,T1,2022-08-13,Galatasaray,Giresunspor,0.0,1.0,A,0.0,0.0,D,14.0,5.0,2.0,4.0,7.0,11.0,10.0,3.0,3.0,2.0,0.0,0.0,1.44,4.85,7.58
188029,2223,T1,2022-08-13,Ad. Demirspor,Sivasspor,3.0,0.0,H,1.0,0.0,H,27.0,10.0,13.0,1.0,12.0,6.0,7.0,1.0,2.0,0.0,0.0,0.0,1.96,3.81,3.88
188030,2223,T1,2022-08-13,Kayserispor,Istanbulspor,1.0,0.0,H,1.0,0.0,H,8.0,13.0,4.0,1.0,8.0,10.0,4.0,5.0,3.0,2.0,0.0,0.0,1.86,3.97,4.15
188099,2223,T1,2022-08-14,Gaziantep,Ankaragucu,1.0,0.0,H,0.0,0.0,D,20.0,6.0,9.0,0.0,12.0,12.0,9.0,4.0,2.0,3.0,0.0,0.0,2.05,3.43,4.0
188100,2223,T1,2022-08-14,Umraniyespor,Antalyaspor,0.0,1.0,A,0.0,0.0,D,14.0,11.0,2.0,2.0,15.0,12.0,4.0,5.0,1.0,2.0,0.0,0.0,3.05,3.62,2.36
188102,2223,T1,2022-08-14,Alanyaspor,Besiktas,3.0,3.0,D,1.0,3.0,A,11.0,6.0,3.0,4.0,22.0,16.0,12.0,1.0,3.0,4.0,0.0,1.0,2.89,3.56,2.49
188131,2223,T1,2022-08-15,Konyaspor,Buyuksehyr,0.0,0.0,D,0.0,0.0,D,9.0,9.0,2.0,3.0,7.0,8.0,0.0,5.0,1.0,3.0,0.0,0.0,2.84,3.53,2.52
188132,2223,T1,2022-08-15,Kasimpasa,Fenerbahce,0.0,6.0,A,0.0,3.0,A,6.0,24.0,2.0,9.0,18.0,10.0,2.0,8.0,3.0,1.0,1.0,0.0,3.21,3.85,2.16
188191,2223,T1,2022-08-19,Umraniyespor,Galatasaray,0.0,1.0,A,0.0,0.0,D,15.0,24.0,3.0,10.0,18.0,14.0,3.0,5.0,6.0,2.0,0.0,0.0,4.4,3.9,1.83
188275,2223,T1,2022-08-20,Antalyaspor,Trabzonspor,5.0,2.0,H,2.0,1.0,H,13.0,17.0,6.0,5.0,10.0,8.0,3.0,5.0,1.0,2.0,0.0,0.0,2.58,3.31,2.96
188318,2223,T1,2022-08-20,Hatayspor,Gaziantep,1.0,2.0,A,1.0,1.0,D,14.0,11.0,3.0,3.0,5.0,10.0,4.0,3.0,2.0,3.0,0.0,0.0,2.21,3.75,3.22
188321,2223,T1,2022-08-20,Giresunspor,Kasimpasa,1.0,0.0,H,0.0,0.0,D,14.0,11.0,7.0,4.0,11.0,13.0,8.0,6.0,3.0,2.0,0.0,0.0,2.35,3.64,3.06
188334,2223,T1,2022-08-21,Besiktas,Karagumruk,4.0,1.0,H,2.0,0.0,H,19.0,7.0,8.0,3.0,19.0,7.0,6.0,3.0,3.0,3.0,0.0,0.0,1.66,4.39,5.01
188338,2223,T1,2022-08-21,Buyuksehyr,Kayserispor,2.0,0.0,H,1.0,0.0,H,12.0,10.0,8.0,2.0,16.0,7.0,4.0,3.0,5.0,0.0,0.0,0.0,1.57,4.18,6.36
188373,2223,T1,2022-08-22,Istanbulspor,Konyaspor,0.0,4.0,A,0.0,2.0,A,11.0,14.0,4.0,9.0,16.0,7.0,7.0,3.0,1.0,3.0,0.0,0.0,3.95,3.55,2.0
188377,2223,T1,2022-08-22,Fenerbahce,Ad. Demirspor,4.0,2.0,H,2.0,0.0,H,11.0,14.0,7.0,9.0,15.0,13.0,2.0,2.0,3.0,4.0,0.0,1.0,1.75,4.49,4.16
188379,2223,T1,2022-08-22,Sivasspor,Alanyaspor,1.0,1.0,D,1.0,0.0,H,10.0,13.0,3.0,5.0,14.0,8.0,4.0,6.0,2.0,2.0,0.0,0.0,2.55,3.53,2.8
188397,2223,T1,2022-08-26,Gaziantep,Antalyaspor,5.0,2.0,H,1.0,2.0,A,13.0,10.0,8.0,5.0,13.0,8.0,3.0,4.0,3.0,3.0,0.0,0.0,2.57,3.41,2.9
188481,2223,T1,2022-08-27,Karagumruk,Ankaragucu,4.0,1.0,H,2.0,0.0,H,13.0,10.0,9.0,4.0,9.0,13.0,0.0,7.0,2.0,3.0,0.0,0.0,1.91,3.95,3.97
188482,2223,T1,2022-08-27,Ad. Demirspor,Umraniyespor,1.0,0.0,H,1.0,0.0,H,15.0,15.0,4.0,2.0,9.0,12.0,4.0,1.0,2.0,2.0,0.0,0.0,1.56,4.37,6.28
188483,2223,T1,2022-08-27,Alanyaspor,Istanbulspor,0.0,1.0,A,0.0,0.0,D,14.0,10.0,3.0,5.0,12.0,15.0,9.0,1.0,3.0,4.0,0.0,1.0,1.49,4.79,6.6
188546,2223,T1,2022-08-28,Trabzonspor,Galatasaray,0.0,0.0,D,0.0,0.0,D,10.0,13.0,3.0,4.0,18.0,16.0,2.0,5.0,3.0,2.0,0.0,0.0,2.47,3.32,3.11
188549,2223,T1,2022-08-28,Kayserispor,Giresunspor,3.0,0.0,H,1.0,0.0,H,15.0,11.0,3.0,6.0,6.0,13.0,3.0,7.0,1.0,2.0,0.0,0.0,2.2,3.48,3.49
188550,2223,T1,2022-08-28,Kasimpasa,Hatayspor,1.0,0.0,H,1.0,0.0,H,12.0,11.0,6.0,3.0,14.0,12.0,5.0,4.0,3.0,1.0,0.0,0.0,2.05,3.75,3.64
188577,2223,T1,2022-08-29,Konyaspor,Fenerbahce,1.0,0.0,H,0.0,0.0,D,6.0,8.0,4.0,2.0,8.0,4.0,4.0,2.0,4.0,0.0,1.0,1.0,3.42,3.75,2.1
188579,2223,T1,2022-08-29,Besiktas,Sivasspor,3.0,1.0,H,3.0,0.0,H,18.0,6.0,10.0,3.0,13.0,15.0,5.0,4.0,0.0,2.0,0.0,0.0,1.53,4.51,6.17
188670,2223,T1,2022-09-02,Umraniyespor,Trabzonspor,0.0,1.0,A,0.0,0.0,D,7.0,23.0,2.0,7.0,10.0,12.0,7.0,5.0,0.0,3.0,0.0,0.0,4.02,3.73,1.95
188712,2223,T1,2022-09-03,Buyuksehyr,Alanyaspor,2.0,0.0,H,1.0,0.0,H,10.0,8.0,3.0,1.0,8.0,18.0,3.0,8.0,1.0,3.0,0.0,0.0,1.98,3.74,3.89
188773,2223,T1,2022-09-03,Giresunspor,Konyaspor,0.0,1.0,A,0.0,0.0,D,10.0,18.0,3.0,4.0,11.0,16.0,7.0,8.0,3.0,0.0,0.0,0.0,2.69,3.32,2.82
188774,2223,T1,2022-09-03,Fenerbahce,Kayserispor,2.0,0.0,H,1.0,0.0,H,17.0,5.0,4.0,2.0,19.0,15.0,3.0,1.0,2.0,2.0,0.0,0.0,1.43,5.31,7.01
188775,2223,T1,2022-09-03,Sivasspor,Karagumruk,0.0,0.0,D,0.0,0.0,D,7.0,12.0,3.0,3.0,7.0,13.0,11.0,6.0,2.0,2.0,1.0,0.0,2.3,3.42,3.32
188795,2223,T1,2022-09-04,Antalyaspor,Kasimpasa,0.0,2.0,A,0.0,1.0,A,15.0,13.0,6.0,7.0,14.0,20.0,8.0,3.0,2.0,5.0,1.0,0.0,1.78,3.76,4.97
188799,2223,T1,2022-09-04,Ankaragucu,Besiktas,2.0,3.0,A,1.0,2.0,A,7.0,11.0,2.0,6.0,13.0,19.0,2.0,1.0,4.0,1.0,1.0,0.0,4.42,3.67,1.88
188800,2223,T1,2022-09-04,Hatayspor,Ad. Demirspor,1.0,1.0,D,1.0,0.0,H,15.0,23.0,5.0,7.0,12.0,9.0,2.0,5.0,6.0,2.0,0.0,0.0,3.16,3.56,2.32
188849,2223,T1,2022-09-05,Galatasaray,Gaziantep,2.0,1.0,H,1.0,1.0,D,20.0,12.0,12.0,3.0,11.0,13.0,7.0,3.0,4.0,5.0,1.0,0.0,1.61,4.17,5.66
188862,2223,T1,2022-09-09,Alanyaspor,Ankaragucu,2.0,1.0,H,0.0,0.0,D,11.0,11.0,6.0,3.0,17.0,9.0,4.0,3.0,2.0,0.0,0.0,0.0,1.76,4.12,4.53
188870,2223,T1,2022-09-10,Karagumruk,Giresunspor,1.0,1.0,D,0.0,0.0,D,10.0,4.0,3.0,2.0,14.0,14.0,5.0,1.0,3.0,3.0,0.0,0.0,1.96,3.55,4.22
188881,2223,T1,2022-09-10,Konyaspor,Hatayspor,1.0,0.0,H,0.0,0.0,D,13.0,6.0,6.0,1.0,5.0,11.0,6.0,4.0,1.0,1.0,0.0,0.0,1.74,3.97,4.91
188938,2223,T1,2022-09-11,Sivasspor,Istanbulspor,1.0,1.0,D,0.0,0.0,D,13.0,6.0,5.0,4.0,10.0,10.0,9.0,1.0,2.0,3.0,0.0,0.0,1.8,3.95,4.51
188940,2223,T1,2022-09-11,Gaziantep,Umraniyespor,1.0,1.0,D,0.0,0.0,D,5.0,18.0,4.0,6.0,14.0,11.0,2.0,3.0,3.0,3.0,0.0,0.0,1.81,3.97,4.48
188941,2223,T1,2022-09-11,Kayserispor,Antalyaspor,1.0,0.0,H,0.0,0.0,D,9.0,10.0,3.0,3.0,13.0,9.0,3.0,2.0,2.0,2.0,0.0,0.0,2.61,3.34,2.9
188948,2223,T1,2022-09-11,Kasimpasa,Galatasaray,2.0,3.0,A,1.0,1.0,D,13.0,22.0,7.0,6.0,14.0,10.0,6.0,8.0,2.0,0.0,0.0,0.0,4.21,4.1,1.83
188974,2223,T1,2022-09-12,Besiktas,Buyuksehyr,0.0,1.0,A,0.0,0.0,D,21.0,7.0,2.0,1.0,9.0,11.0,5.0,4.0,3.0,5.0,0.0,0.0,2.0,3.47,4.04
188977,2223,T1,2022-09-12,Ad. Demirspor,Trabzonspor,3.0,2.0,H,1.0,1.0,D,18.0,12.0,6.0,4.0,12.0,13.0,2.0,3.0,3.0,4.0,0.0,0.0,2.26,3.69,3.12
189026,2223,T1,2022-09-16,Hatayspor,Kayserispor,0.0,4.0,A,0.0,2.0,A,16.0,9.0,4.0,6.0,9.0,12.0,8.0,3.0,0.0,1.0,1.0,0.0,2.28,3.37,3.41
189027,2223,T1,2022-09-16,Galatasaray,Konyaspor,2.0,1.0,H,1.0,1.0,D,18.0,19.0,5.0,5.0,14.0,13.0,6.0,4.0,4.0,4.0,0.0,1.0,1.75,3.87,5.02
189044,2223,T1,2022-09-17,Istanbulspor,Besiktas,2.0,2.0,D,1.0,2.0,A,8.0,8.0,2.0,5.0,14.0,18.0,3.0,5.0,1.0,3.0,0.0,0.0,5.71,4.61,1.56
189054,2223,T1,2022-09-17,Antalyaspor,Ad. Demirspor,0.0,3.0,A,0.0,1.0,A,9.0,13.0,4.0,7.0,9.0,11.0,6.0,2.0,1.0,3.0,2.0,1.0,2.21,3.56,3.39
189064,2223,T1,2022-09-17,Umraniyespor,Kasimpasa,1.0,2.0,A,0.0,1.0,A,20.0,13.0,7.0,5.0,14.0,16.0,11.0,5.0,4.0,4.0,0.0,0.0,2.47,3.58,2.91
189179,2223,T1,2022-09-18,Fenerbahce,Alanyaspor,5.0,0.0,H,3.0,0.0,H,17.0,7.0,11.0,2.0,14.0,18.0,12.0,3.0,0.0,2.0,0.0,0.0,1.51,4.92,5.97
189182,2223,T1,2022-09-18,Ankaragucu,Sivasspor,2.0,1.0,H,2.0,0.0,H,11.0,13.0,6.0,5.0,17.0,13.0,5.0,5.0,3.0,4.0,0.0,0.0,2.37,3.46,3.15
189183,2223,T1,2022-09-18,Trabzonspor,Gaziantep,3.0,2.0,H,2.0,2.0,D,21.0,10.0,8.0,3.0,9.0,9.0,9.0,2.0,2.0,3.0,0.0,0.0,1.64,4.22,5.4
189184,2223,T1,2022-09-18,Buyuksehyr,Karagumruk,0.0,0.0,D,0.0,0.0,D,8.0,7.0,1.0,3.0,8.0,19.0,6.0,3.0,0.0,3.0,1.0,1.0,1.54,4.4,6.38
189404,2223,T1,2022-10-01,Kasimpasa,Gaziantep,1.0,0.0,H,0.0,0.0,D,11.0,8.0,4.0,1.0,16.0,21.0,4.0,6.0,2.0,1.0,0.0,0.0,2.35,3.67,3.03
189405,2223,T1,2022-10-01,Ankaragucu,Buyuksehyr,1.0,2.0,A,0.0,1.0,A,10.0,8.0,4.0,3.0,16.0,13.0,8.0,6.0,1.0,2.0,0.0,0.0,4.14,3.6,1.96
189406,2223,T1,2022-10-01,Kayserispor,Trabzonspor,1.0,2.0,A,1.0,0.0,H,12.0,20.0,3.0,9.0,12.0,13.0,7.0,6.0,4.0,4.0,0.0,0.0,3.69,3.66,2.07
189407,2223,T1,2022-10-01,Ad. Demirspor,Galatasaray,0.0,0.0,D,0.0,0.0,D,8.0,23.0,2.0,4.0,12.0,15.0,4.0,7.0,2.0,5.0,1.0,0.0,2.72,3.52,2.66
189453,2223,T1,2022-10-02,Konyaspor,Umraniyespor,1.0,0.0,H,1.0,0.0,H,8.0,16.0,3.0,6.0,11.0,18.0,4.0,8.0,3.0,1.0,0.0,0.0,1.59,4.21,6.02
189455,2223,T1,2022-10-02,Besiktas,Fenerbahce,0.0,0.0,D,0.0,0.0,D,9.0,9.0,1.0,3.0,19.0,17.0,3.0,4.0,2.0,2.0,0.0,0.0,2.38,3.77,2.93
189456,2223,T1,2022-10-02,Alanyaspor,Giresunspor,1.0,1.0,D,0.0,0.0,D,12.0,8.0,5.0,6.0,21.0,7.0,11.0,3.0,4.0,2.0,0.0,1.0,1.91,3.79,4.06
189457,2223,T1,2022-10-02,Sivasspor,Hatayspor,1.0,2.0,A,1.0,2.0,A,29.0,4.0,8.0,2.0,8.0,11.0,12.0,4.0,1.0,5.0,0.0,1.0,2.07,3.54,3.81
189466,2223,T1,2022-10-03,Karagumruk,Istanbulspor,1.0,2.0,A,1.0,0.0,H,7.0,15.0,2.0,4.0,13.0,7.0,5.0,4.0,2.0,2.0,0.0,0.0,1.69,4.16,4.85
189518,2223,T1,2022-10-07,Gaziantep,Ad. Demirspor,1.0,1.0,D,0.0,0.0,D,8.0,22.0,4.0,7.0,15.0,14.0,2.0,5.0,2.0,1.0,1.0,0.0,3.08,3.71,2.31
189543,2223,T1,2022-10-08,Giresunspor,Besiktas,0.0,1.0,A,0.0,1.0,A,8.0,14.0,1.0,5.0,20.0,13.0,5.0,8.0,4.0,3.0,0.0,0.0,4.38,3.71,1.88
189557,2223,T1,2022-10-08,Antalyaspor,Konyaspor,1.0,1.0,D,0.0,0.0,D,12.0,11.0,3.0,5.0,15.0,12.0,2.0,3.0,4.0,4.0,0.0,0.0,2.54,3.37,2.96
189558,2223,T1,2022-10-08,Istanbulspor,Ankaragucu,1.0,2.0,A,0.0,1.0,A,10.0,14.0,2.0,7.0,13.0,14.0,5.0,2.0,2.0,2.0,0.0,0.0,2.61,3.48,2.79
189659,2223,T1,2022-10-09,Umraniyespor,Kayserispor,2.0,2.0,D,0.0,1.0,A,10.0,12.0,5.0,3.0,11.0,16.0,3.0,4.0,3.0,0.0,1.0,0.0,2.62,3.62,2.71
189665,2223,T1,2022-10-09,Hatayspor,Alanyaspor,1.0,0.0,H,0.0,0.0,D,11.0,10.0,4.0,5.0,9.0,11.0,5.0,5.0,2.0,2.0,0.0,0.0,2.56,3.68,2.74
189668,2223,T1,2022-10-09,Fenerbahce,Karagumruk,5.0,4.0,H,2.0,2.0,D,16.0,6.0,9.0,4.0,17.0,16.0,3.0,0.0,1.0,4.0,0.0,0.0,1.39,5.26,8.11
189703,2223,T1,2022-10-10,Buyuksehyr,Sivasspor,0.0,2.0,A,0.0,1.0,A,21.0,7.0,6.0,5.0,10.0,9.0,9.0,3.0,2.0,0.0,0.0,0.0,1.56,4.2,6.38
189704,2223,T1,2022-10-10,Trabzonspor,Kasimpasa,0.0,0.0,D,0.0,0.0,D,20.0,7.0,3.0,1.0,10.0,18.0,10.0,3.0,1.0,3.0,0.0,0.0,1.44,4.85,7.15
189736,2223,T1,2022-10-14,Alanyaspor,Antalyaspor,3.0,2.0,H,1.0,0.0,H,9.0,13.0,5.0,7.0,6.0,9.0,7.0,2.0,2.0,2.0,0.0,0.0,2.29,3.5,3.26
189812,2223,T1,2022-10-15,Kayserispor,Galatasaray,2.0,1.0,H,2.0,0.0,H,18.0,12.0,5.0,3.0,11.0,10.0,6.0,15.0,2.0,1.0,0.0,0.0,4.26,3.85,1.87
189818,2223,T1,2022-10-15,Konyaspor,Gaziantep,0.0,1.0,A,0.0,0.0,D,19.0,6.0,5.0,2.0,15.0,17.0,8.0,5.0,2.0,5.0,0.0,0.0,1.83,3.93,4.35
189820,2223,T1,2022-10-15,Kasimpasa,Ad. Demirspor,1.0,4.0,A,0.0,2.0,A,23.0,14.0,8.0,5.0,15.0,15.0,9.0,4.0,1.0,3.0,0.0,0.0,3.18,3.69,2.26
189832,2223,T1,2022-10-15,Karagumruk,Hatayspor,3.0,0.0,H,2.0,0.0,H,14.0,13.0,5.0,0.0,6.0,18.0,5.0,6.0,3.0,2.0,0.0,0.0,1.97,3.84,3.82
189860,2223,T1,2022-10-16,Besiktas,Trabzonspor,2.0,2.0,D,1.0,2.0,A,17.0,10.0,7.0,4.0,11.0,12.0,4.0,3.0,2.0,3.0,0.0,1.0,2.08,3.69,3.61
189861,2223,T1,2022-10-16,Buyuksehyr,Istanbulspor,2.0,0.0,H,1.0,0.0,H,11.0,10.0,5.0,1.0,10.0,14.0,5.0,2.0,4.0,1.0,0.0,0.0,1.43,4.78,8.11
189908,2223,T1,2022-10-17,Ankaragucu,Fenerbahce,0.0,3.0,A,0.0,2.0,A,8.0,10.0,1.0,5.0,12.0,15.0,5.0,2.0,2.0,1.0,0.0,0.0,5.05,4.1,1.68
189912,2223,T1,2022-10-17,Sivasspor,Giresunspor,3.0,0.0,H,2.0,0.0,H,16.0,11.0,6.0,1.0,10.0,10.0,2.0,0.0,0.0,1.0,0.0,0.0,2.09,3.45,3.77
189963,2223,T1,2022-10-21,Antalyaspor,Istanbulspor,2.0,1.0,H,1.0,1.0,D,20.0,11.0,8.0,6.0,11.0,15.0,11.0,4.0,3.0,6.0,0.0,1.0,1.79,3.95,4.61
190040,2223,T1,2022-10-22,Fenerbahce,Buyuksehyr,1.0,0.0,H,0.0,0.0,D,14.0,3.0,3.0,1.0,19.0,19.0,6.0,3.0,1.0,2.0,0.0,0.0,1.95,3.79,3.96
190041,2223,T1,2022-10-22,Trabzonspor,Sivasspor,1.0,0.0,H,1.0,0.0,H,15.0,12.0,4.0,5.0,17.0,16.0,4.0,3.0,2.0,2.0,0.0,0.0,1.62,4.22,5.63
190042,2223,T1,2022-10-22,Umraniyespor,Karagumruk,1.0,3.0,A,1.0,1.0,D,9.0,12.0,1.0,6.0,13.0,14.0,5.0,4.0,0.0,3.0,0.0,0.0,2.53,3.55,2.8
190109,2223,T1,2022-10-23,Kasimpasa,Kayserispor,0.0,1.0,A,0.0,1.0,A,27.0,11.0,11.0,3.0,11.0,19.0,10.0,6.0,2.0,1.0,0.0,0.0,2.24,3.57,3.32
190111,2223,T1,2022-10-23,Galatasaray,Alanyaspor,2.0,2.0,D,2.0,0.0,H,18.0,15.0,12.0,6.0,12.0,10.0,7.0,5.0,3.0,3.0,2.0,0.0,1.57,4.59,5.65
190126,2223,T1,2022-10-23,Ad. Demirspor,Konyaspor,1.0,1.0,D,1.0,1.0,D,24.0,12.0,4.0,4.0,12.0,17.0,2.0,2.0,1.0,6.0,0.0,0.0,2.21,3.56,3.39
190144,2223,T1,2022-10-24,Hatayspor,Besiktas,2.0,1.0,H,0.0,1.0,A,8.0,18.0,3.0,4.0,9.0,10.0,1.0,11.0,4.0,2.0,0.0,0.0,5.02,4.24,1.66
190145,2223,T1,2022-10-24,Giresunspor,Ankaragucu,1.0,1.0,D,0.0,0.0,D,17.0,8.0,7.0,3.0,12.0,17.0,5.0,2.0,3.0,5.0,0.0,0.0,2.42,3.33,3.14
190203,2223,T1,2022-10-28,Karagumruk,Galatasaray,0.0,2.0,A,0.0,0.0,D,6.0,35.0,1.0,12.0,9.0,13.0,3.0,11.0,2.0,1.0,1.0,0.0,4.21,3.89,1.87
190263,2223,T1,2022-10-29,Alanyaspor,Gaziantep,2.0,0.0,H,1.0,0.0,H,9.0,15.0,5.0,4.0,13.0,8.0,1.0,4.0,2.0,1.0,0.0,0.0,1.96,4.02,3.69
190289,2223,T1,2022-10-29,Konyaspor,Kasimpasa,1.0,1.0,D,0.0,0.0,D,17.0,7.0,3.0,1.0,16.0,18.0,6.0,2.0,4.0,5.0,0.0,0.0,1.72,3.96,5.08
190358,2223,T1,2022-10-30,Besiktas,Umraniyespor,5.0,2.0,H,2.0,1.0,H,16.0,9.0,10.0,3.0,16.0,10.0,9.0,4.0,2.0,3.0,0.0,0.0,1.35,5.62,8.79
190362,2223,T1,2022-10-30,Istanbulspor,Fenerbahce,2.0,5.0,A,0.0,2.0,A,4.0,13.0,2.0,7.0,15.0,12.0,2.0,2.0,1.0,1.0,0.0,0.0,6.91,4.56,1.5
190363,2223,T1,2022-10-30,Kayserispor,Ad. Demirspor,2.0,2.0,D,0.0,1.0,A,11.0,14.0,6.0,5.0,17.0,12.0,8.0,3.0,3.0,2.0,0.0,0.0,3.06,3.5,2.41
190370,2223,T1,2022-10-30,Ankaragucu,Hatayspor,4.0,1.0,H,1.0,0.0,H,17.0,6.0,9.0,1.0,6.0,9.0,6.0,5.0,2.0,1.0,0.0,0.0,2.06,3.61,3.76
190375,2223,T1,2022-10-31,Sivasspor,Antalyaspor,0.0,2.0,A,0.0,2.0,A,6.0,7.0,0.0,3.0,9.0,10.0,2.0,3.0,2.0,2.0,0.0,0.0,2.32,3.26,3.38
190376,2223,T1,2022-10-31,Buyuksehyr,Giresunspor,3.0,1.0,H,1.0,0.0,H,14.0,11.0,4.0,4.0,19.0,13.0,2.0,4.0,1.0,2.0,0.0,0.0,1.51,4.13,7.39
190433,2223,T1,2022-11-04,Umraniyespor,Alanyaspor,3.0,1.0,H,2.0,0.0,H,12.0,8.0,6.0,3.0,7.0,12.0,4.0,7.0,1.0,2.0,0.0,0.0,2.62,3.7,2.66
190434,2223,T1,2022-11-04,Kasimpasa,Ankaragucu,1.0,1.0,D,0.0,0.0,D,11.0,12.0,3.0,2.0,8.0,12.0,4.0,0.0,1.0,2.0,0.0,0.0,2.57,3.54,2.82
190452,2223,T1,2022-11-05,Galatasaray,Besiktas,2.0,1.0,H,1.0,1.0,D,19.0,12.0,5.0,5.0,15.0,13.0,10.0,7.0,3.0,4.0,0.0,0.0,2.14,3.74,3.39
190487,2223,T1,2022-11-05,Giresunspor,Istanbulspor,3.0,2.0,H,1.0,1.0,D,16.0,12.0,4.0,3.0,4.0,13.0,9.0,2.0,1.0,5.0,0.0,1.0,1.91,3.68,4.27
190537,2223,T1,2022-11-06,Antalyaspor,Karagumruk,4.0,2.0,H,3.0,2.0,H,22.0,16.0,7.0,7.0,17.0,17.0,9.0,1.0,1.0,3.0,0.0,0.0,1.98,3.7,3.84
190538,2223,T1,2022-11-06,Gaziantep,Kayserispor,1.0,2.0,A,0.0,1.0,A,16.0,12.0,4.0,5.0,10.0,15.0,4.0,6.0,3.0,5.0,0.0,0.0,2.35,3.4,3.25
190551,2223,T1,2022-11-06,Trabzonspor,Konyaspor,2.0,2.0,D,2.0,1.0,H,21.0,10.0,8.0,5.0,13.0,16.0,5.0,3.0,3.0,6.0,0.0,1.0,1.89,3.64,4.43
190580,2223,T1,2022-11-07,Hatayspor,Buyuksehyr,3.0,3.0,D,1.0,0.0,H,8.0,11.0,5.0,4.0,12.0,10.0,1.0,5.0,3.0,3.0,0.0,0.0,4.51,3.68,1.85
190581,2223,T1,2022-11-07,Fenerbahce,Sivasspor,1.0,0.0,H,0.0,0.0,D,12.0,8.0,3.0,3.0,18.0,23.0,2.0,3.0,7.0,5.0,1.0,0.0,1.34,5.4,9.33
190662,2223,T1,2022-11-11,Alanyaspor,Ad. Demirspor,0.0,0.0,D,0.0,0.0,D,16.0,9.0,4.0,1.0,21.0,11.0,4.0,6.0,4.0,1.0,0.0,1.0,3.0,3.77,2.33
190663,2223,T1,2022-11-11,Ankaragucu,Trabzonspor,1.0,1.0,D,0.0,0.0,D,10.0,9.0,1.0,3.0,11.0,7.0,5.0,4.0,2.0,2.0,0.0,0.0,3.16,3.42,2.39
190739,2223,T1,2022-11-12,Buyuksehyr,Galatasaray,0.0,7.0,A,0.0,3.0,A,10.0,16.0,3.0,10.0,14.0,15.0,2.0,6.0,2.0,2.0,0.0,0.0,2.84,3.47,2.59
190740,2223,T1,2022-11-12,Fenerbahce,Giresunspor,1.0,2.0,A,1.0,0.0,H,16.0,9.0,4.0,4.0,16.0,18.0,6.0,3.0,3.0,3.0,1.0,0.0,1.3,5.9,10.94
190742,2223,T1,2022-11-12,Sivasspor,Umraniyespor,2.0,2.0,D,1.0,1.0,D,13.0,15.0,9.0,6.0,12.0,16.0,6.0,5.0,1.0,0.0,0.0,0.0,2.0,3.7,3.86
190801,2223,T1,2022-11-13,Istanbulspor,Hatayspor,0.0,1.0,A,0.0,1.0,A,9.0,11.0,4.0,5.0,6.0,11.0,5.0,3.0,3.0,4.0,0.0,0.0,2.34,3.55,3.14
190802,2223,T1,2022-11-13,Kayserispor,Konyaspor,1.0,2.0,A,1.0,2.0,A,15.0,9.0,2.0,2.0,11.0,16.0,9.0,2.0,4.0,4.0,0.0,0.0,2.76,3.5,2.63
190811,2223,T1,2022-11-13,Karagumruk,Gaziantep,3.0,3.0,D,1.0,2.0,A,18.0,11.0,8.0,5.0,16.0,11.0,7.0,5.0,1.0,3.0,0.0,0.0,2.09,3.5,3.78
191161,2223,T1,2022-12-23,Umraniyespor,Buyuksehyr,1.0,3.0,A,1.0,1.0,D,11.0,12.0,5.0,4.0,16.0,18.0,1.0,2.0,3.0,1.0,0.0,0.0,3.47,3.41,2.24
191162,2223,T1,2022-12-23,Antalyaspor,Ankaragucu,0.0,2.0,A,0.0,0.0,D,11.0,8.0,2.0,2.0,9.0,12.0,1.0,6.0,2.0,2.0,0.0,0.0,2.18,3.38,3.66
191166,2223,T1,2022-12-24,Kasimpasa,Sivasspor,1.0,2.0,A,1.0,1.0,D,10.0,9.0,1.0,3.0,18.0,9.0,4.0,6.0,4.0,2.0,0.0,0.0,2.32,3.4,3.3
191172,2223,T1,2022-12-24,Trabzonspor,Fenerbahce,2.0,0.0,H,0.0,0.0,D,18.0,8.0,7.0,0.0,20.0,19.0,5.0,2.0,4.0,5.0,0.0,1.0,2.83,3.52,2.56
191174,2223,T1,2022-12-24,Hatayspor,Giresunspor,1.0,1.0,D,0.0,0.0,D,11.0,12.0,4.0,4.0,10.0,12.0,4.0,4.0,2.0,3.0,0.0,0.0,2.25,3.68,3.21
191175,2223,T1,2022-12-25,Konyaspor,Alanyaspor,2.0,2.0,D,1.0,0.0,H,10.0,15.0,3.0,6.0,9.0,21.0,4.0,5.0,3.0,4.0,0.0,0.0,1.83,3.67,4.77
191176,2223,T1,2022-12-25,Gaziantep,Besiktas,1.0,1.0,D,0.0,0.0,D,10.0,20.0,3.0,1.0,15.0,9.0,2.0,4.0,4.0,2.0,0.0,0.0,4.01,4.15,1.85
191177,2223,T1,2022-12-25,Galatasaray,Istanbulspor,2.0,1.0,H,2.0,0.0,H,17.0,12.0,5.0,2.0,13.0,7.0,12.0,5.0,4.0,2.0,0.0,0.0,1.27,6.35,10.68
191178,2223,T1,2022-12-25,Ad. Demirspor,Karagumruk,2.0,1.0,H,2.0,1.0,H,16.0,14.0,6.0,3.0,15.0,10.0,4.0,4.0,3.0,2.0,0.0,0.0,1.75,3.91,4.91
191254,2223,T1,2022-12-27,Fenerbahce,Hatayspor,4.0,0.0,H,2.0,0.0,H,25.0,4.0,15.0,0.0,9.0,15.0,11.0,0.0,2.0,3.0,0.0,0.0,1.32,5.93,9.22
191255,2223,T1,2022-12-27,Buyuksehyr,Antalyaspor,2.0,0.0,H,0.0,0.0,D,6.0,6.0,2.0,1.0,14.0,15.0,1.0,3.0,2.0,2.0,0.0,0.0,1.94,3.58,4.23
191258,2223,T1,2022-12-27,Ankaragucu,Umraniyespor,1.0,2.0,A,1.0,1.0,D,17.0,8.0,5.0,3.0,13.0,14.0,8.0,5.0,1.0,4.0,0.0,0.0,1.92,3.74,4.17
191277,2223,T1,2022-12-28,Alanyaspor,Kayserispor,3.0,1.0,H,2.0,0.0,H,5.0,14.0,3.0,4.0,23.0,18.0,0.0,7.0,3.0,4.0,0.0,0.0,2.11,3.82,3.42
191278,2223,T1,2022-12-28,Istanbulspor,Kasimpasa,2.0,1.0,H,1.0,1.0,D,10.0,11.0,4.0,3.0,15.0,15.0,3.0,5.0,2.0,4.0,0.0,0.0,2.85,3.74,2.44
191282,2223,T1,2022-12-28,Karagumruk,Trabzonspor,4.0,1.0,H,2.0,1.0,H,10.0,13.0,6.0,7.0,16.0,10.0,4.0,4.0,4.0,1.0,1.0,1.0,3.76,3.7,2.03
191308,2223,T1,2022-12-29,Sivasspor,Galatasaray,1.0,2.0,A,0.0,1.0,A,15.0,12.0,6.0,8.0,14.0,14.0,2.0,3.0,4.0,5.0,1.0,0.0,4.68,3.94,1.78
191312,2223,T1,2022-12-29,Giresunspor,Gaziantep,2.0,1.0,H,1.0,0.0,H,13.0,11.0,6.0,6.0,13.0,13.0,6.0,3.0,5.0,3.0,0.0,0.0,2.3,3.53,3.23
191322,2223,T1,2022-12-29,Besiktas,Ad. Demirspor,1.0,0.0,H,1.0,0.0,H,16.0,13.0,5.0,3.0,18.0,15.0,7.0,4.0,5.0,2.0,0.0,0.0,1.79,4.33,4.13
191451,2223,T1,2023-01-03,Umraniyespor,Hatayspor,2.0,2.0,D,1.0,1.0,D,11.0,17.0,3.0,5.0,10.0,14.0,5.0,2.0,3.0,2.0,1.0,0.0,2.28,3.54,3.26
191452,2223,T1,2023-01-03,Antalyaspor,Fenerbahce,1.0,2.0,A,1.0,0.0,H,8.0,18.0,2.0,4.0,21.0,17.0,3.0,8.0,4.0,2.0,0.0,0.0,4.49,3.96,1.8
191464,2223,T1,2023-01-04,Galatasaray,Ankaragucu,2.0,1.0,H,2.0,1.0,H,12.0,9.0,5.0,2.0,17.0,15.0,6.0,4.0,2.0,3.0,0.0,0.0,1.43,4.98,7.62
191469,2223,T1,2023-01-04,Konyaspor,Sivasspor,2.0,2.0,D,1.0,1.0,D,10.0,10.0,5.0,3.0,13.0,13.0,4.0,3.0,4.0,1.0,0.0,0.0,1.96,3.72,3.98
191473,2223,T1,2023-01-04,Kayserispor,Karagumruk,2.0,4.0,A,0.0,2.0,A,19.0,11.0,5.0,7.0,12.0,16.0,6.0,2.0,1.0,3.0,0.0,0.0,1.97,4.14,3.57
191474,2223,T1,2023-01-04,Kasimpasa,Alanyaspor,4.0,1.0,H,2.0,0.0,H,11.0,14.0,6.0,2.0,14.0,13.0,1.0,7.0,2.0,0.0,0.0,0.0,2.33,3.73,3.02
191476,2223,T1,2023-01-05,Trabzonspor,Giresunspor,3.0,0.0,H,1.0,0.0,H,17.0,5.0,8.0,1.0,11.0,9.0,10.0,1.0,2.0,2.0,0.0,0.0,1.51,4.56,6.43
191478,2223,T1,2023-01-05,Ad. Demirspor,Istanbulspor,6.0,0.0,H,1.0,0.0,H,17.0,8.0,11.0,3.0,12.0,11.0,4.0,5.0,1.0,3.0,0.0,0.0,1.47,4.96,6.51
191479,2223,T1,2023-01-05,Gaziantep,Buyuksehyr,1.0,1.0,D,0.0,1.0,A,14.0,16.0,3.0,6.0,8.0,6.0,5.0,5.0,2.0,0.0,0.0,0.0,3.41,3.59,2.17
191506,2223,T1,2023-01-07,Besiktas,Kasimpasa,2.0,1.0,H,2.0,0.0,H,14.0,12.0,8.0,4.0,18.0,13.0,6.0,7.0,2.0,4.0,0.0,0.0,1.63,4.55,5.05
191507,2223,T1,2023-01-07,Hatayspor,Antalyaspor,0.0,0.0,D,0.0,0.0,D,9.0,11.0,4.0,4.0,17.0,8.0,3.0,2.0,2.0,2.0,0.0,0.0,2.87,3.56,2.51
191557,2223,T1,2023-01-08,Karagumruk,Konyaspor,3.0,3.0,D,2.0,0.0,H,6.0,17.0,5.0,9.0,16.0,11.0,1.0,6.0,5.0,1.0,0.0,0.0,2.73,3.71,2.56
191559,2223,T1,2023-01-08,Fenerbahce,Galatasaray,0.0,3.0,A,0.0,1.0,A,13.0,13.0,4.0,8.0,10.0,20.0,8.0,4.0,2.0,5.0,1.0,0.0,2.14,3.7,3.43
191560,2223,T1,2023-01-08,Giresunspor,Umraniyespor,0.0,1.0,A,0.0,0.0,D,24.0,11.0,6.0,2.0,10.0,11.0,14.0,7.0,2.0,2.0,0.0,0.0,2.24,3.57,3.32
191561,2223,T1,2023-01-08,Ankaragucu,Kayserispor,2.0,1.0,H,1.0,1.0,D,20.0,10.0,5.0,1.0,16.0,10.0,8.0,2.0,4.0,1.0,0.0,0.0,2.18,3.57,3.46
191587,2223,T1,2023-01-09,Istanbulspor,Gaziantep,1.0,1.0,D,0.0,1.0,A,12.0,8.0,2.0,4.0,6.0,8.0,7.0,3.0,1.0,1.0,0.0,0.0,2.75,3.64,2.53
191590,2223,T1,2023-01-09,Buyuksehyr,Ad. Demirspor,2.0,1.0,H,0.0,0.0,D,16.0,18.0,5.0,5.0,19.0,12.0,6.0,4.0,2.0,2.0,0.0,0.0,2.04,3.78,3.57
191591,2223,T1,2023-01-09,Alanyaspor,Trabzonspor,5.0,0.0,H,3.0,0.0,H,11.0,15.0,6.0,5.0,12.0,12.0,2.0,4.0,2.0,3.0,0.0,0.0,3.14,3.78,2.22
191624,2223,T1,2023-01-13,Kayserispor,Sivasspor,4.0,1.0,H,3.0,0.0,H,15.0,17.0,11.0,6.0,15.0,15.0,5.0,4.0,2.0,5.0,0.0,0.0,2.3,3.63,3.15
191625,2223,T1,2023-01-13,Galatasaray,Hatayspor,4.0,0.0,H,3.0,0.0,H,28.0,10.0,10.0,4.0,11.0,10.0,8.0,3.0,0.0,0.0,0.0,0.0,1.34,5.89,8.77
191709,2223,T1,2023-01-14,Ad. Demirspor,Ankaragucu,3.0,1.0,H,0.0,0.0,D,12.0,25.0,5.0,11.0,8.0,10.0,5.0,13.0,2.0,1.0,0.0,0.0,1.85,3.87,4.36
191715,2223,T1,2023-01-14,Trabzonspor,Buyuksehyr,1.0,0.0,H,1.0,0.0,H,9.0,17.0,4.0,3.0,17.0,14.0,2.0,10.0,1.0,4.0,0.0,1.0,2.09,3.67,3.6
191716,2223,T1,2023-01-14,Konyaspor,Besiktas,1.0,2.0,A,1.0,0.0,H,15.0,20.0,6.0,4.0,10.0,18.0,4.0,5.0,1.0,1.0,0.0,0.0,2.82,3.66,2.5
191717,2223,T1,2023-01-14,Antalyaspor,Giresunspor,2.0,2.0,D,1.0,1.0,D,12.0,21.0,5.0,9.0,12.0,13.0,5.0,4.0,3.0,4.0,1.0,0.0,1.95,3.59,4.07
191746,2223,T1,2023-01-15,Gaziantep,Fenerbahce,1.0,2.0,A,0.0,1.0,A,10.0,20.0,3.0,7.0,15.0,17.0,4.0,11.0,5.0,3.0,1.0,0.0,5.03,4.2,1.68
191758,2223,T1,2023-01-15,Umraniyespor,Istanbulspor,0.0,2.0,A,0.0,2.0,A,27.0,8.0,6.0,3.0,10.0,12.0,12.0,2.0,2.0,4.0,0.0,0.0,1.96,3.9,3.81
191759,2223,T1,2023-01-15,Kasimpasa,Karagumruk,2.0,2.0,D,1.0,0.0,H,12.0,11.0,4.0,4.0,13.0,16.0,5.0,8.0,3.0,2.0,0.0,0.0,2.2,3.79,3.24
191802,2223,T1,2023-01-20,Ad. Demirspor,Giresunspor,1.0,1.0,D,0.0,1.0,A,31.0,9.0,6.0,2.0,13.0,17.0,17.0,1.0,6.0,4.0,1.0,1.0,1.8,4.25,4.18
191846,2223,T1,2023-01-21,Galatasaray,Antalyaspor,2.0,1.0,H,0.0,0.0,D,20.0,7.0,6.0,2.0,12.0,18.0,16.0,1.0,2.0,3.0,0.0,1.0,1.37,5.31,8.73
191847,2223,T1,2023-01-21,Kasimpasa,Buyuksehyr,1.0,3.0,A,1.0,0.0,H,11.0,19.0,4.0,11.0,19.0,12.0,4.0,8.0,7.0,1.0,1.0,0.0,3.1,3.46,2.41
191879,2223,T1,2023-01-22,Trabzonspor,Istanbulspor,4.0,0.0,H,1.0,0.0,H,20.0,10.0,10.0,4.0,12.0,14.0,6.0,2.0,1.0,0.0,0.0,0.0,1.35,5.4,9.25
191880,2223,T1,2023-01-22,Kayserispor,Besiktas,0.0,2.0,A,0.0,2.0,A,15.0,7.0,3.0,4.0,10.0,20.0,5.0,3.0,1.0,2.0,0.0,1.0,3.43,3.98,2.06
191881,2223,T1,2023-01-22,Alanyaspor,Karagumruk,2.0,2.0,D,1.0,0.0,H,15.0,9.0,5.0,5.0,9.0,6.0,7.0,2.0,1.0,1.0,0.0,0.0,1.88,4.15,3.88
191882,2223,T1,2023-01-22,Gaziantep,Sivasspor,1.0,2.0,A,0.0,1.0,A,11.0,13.0,3.0,8.0,13.0,11.0,7.0,4.0,3.0,0.0,0.0,0.0,2.77,3.36,2.72
191920,2223,T1,2023-01-23,Konyaspor,Ankaragucu,0.0,1.0,A,0.0,0.0,D,13.0,8.0,7.0,3.0,14.0,15.0,6.0,4.0,3.0,2.0,0.0,0.0,2.04,3.53,3.82
191924,2223,T1,2023-01-23,Umraniyespor,Fenerbahce,1.0,2.0,A,0.0,0.0,D,7.0,22.0,2.0,7.0,11.0,15.0,1.0,6.0,3.0,4.0,1.0,0.0,5.93,4.53,1.54
191971,2223,T1,2023-01-27,Besiktas,Alanyaspor,3.0,0.0,H,1.0,0.0,H,21.0,6.0,8.0,3.0,14.0,15.0,3.0,3.0,0.0,2.0,0.0,0.0,1.66,4.36,5.02
192031,2223,T1,2023-01-28,Giresunspor,Galatasaray,0.0,4.0,A,0.0,1.0,A,12.0,16.0,1.0,9.0,16.0,16.0,9.0,3.0,3.0,0.0,0.0,0.0,6.0,4.35,1.57
192032,2223,T1,2023-01-28,Antalyaspor,Umraniyespor,3.0,2.0,H,1.0,1.0,D,25.0,7.0,10.0,4.0,12.0,8.0,8.0,2.0,3.0,1.0,0.0,0.0,1.88,3.93,4.11
192033,2223,T1,2023-01-28,Hatayspor,Trabzonspor,2.0,1.0,H,0.0,1.0,A,10.0,16.0,3.0,5.0,13.0,11.0,4.0,9.0,4.0,2.0,0.0,0.0,4.67,3.95,1.78
192034,2223,T1,2023-01-28,Ankaragucu,Gaziantep,0.0,2.0,A,0.0,0.0,D,17.0,16.0,5.0,8.0,7.0,12.0,5.0,11.0,1.0,4.0,0.0,0.0,1.92,3.73,4.18
192035,2223,T1,2023-01-28,Sivasspor,Ad. Demirspor,1.0,2.0,A,0.0,1.0,A,19.0,11.0,7.0,3.0,8.0,9.0,7.0,6.0,0.0,2.0,0.0,0.0,2.73,3.65,2.58
192100,2223,T1,2023-01-29,Fenerbahce,Kasimpasa,5.0,1.0,H,2.0,1.0,H,22.0,4.0,11.0,1.0,16.0,23.0,6.0,1.0,2.0,4.0,0.0,0.0,1.33,5.75,9.53
192101,2223,T1,2023-01-29,Buyuksehyr,Konyaspor,2.0,0.0,H,1.0,0.0,H,13.0,12.0,5.0,2.0,13.0,10.0,6.0,3.0,0.0,0.0,0.0,0.0,1.97,3.56,4.14
192102,2223,T1,2023-01-29,Istanbulspor,Kayserispor,2.0,4.0,A,2.0,1.0,H,8.0,15.0,3.0,7.0,11.0,20.0,1.0,7.0,0.0,1.0,0.0,0.0,3.06,3.63,2.35
192153,2223,T1,2023-01-31,Alanyaspor,Sivasspor,0.0,3.0,A,0.0,2.0,A,8.0,10.0,2.0,6.0,9.0,16.0,4.0,4.0,2.0,2.0,0.0,0.0,2.09,3.63,3.65
192154,2223,T1,2023-01-31,Karagumruk,Besiktas,1.0,1.0,D,0.0,1.0,A,9.0,11.0,2.0,2.0,12.0,10.0,6.0,8.0,1.0,1.0,0.0,0.0,3.92,4.06,1.89
192157,2223,T1,2023-02-01,Trabzonspor,Antalyaspor,2.0,0.0,H,1.0,0.0,H,18.0,6.0,7.0,1.0,10.0,15.0,3.0,4.0,1.0,0.0,0.0,0.0,1.64,4.06,5.76
192158,2223,T1,2023-02-01,Gaziantep,Hatayspor,4.0,1.0,H,1.0,1.0,D,12.0,12.0,5.0,2.0,15.0,13.0,4.0,2.0,4.0,2.0,0.0,0.0,2.09,3.5,3.79
192164,2223,T1,2023-02-01,Galatasaray,Umraniyespor,3.0,2.0,H,1.0,2.0,A,30.0,5.0,12.0,5.0,13.0,14.0,13.0,1.0,0.0,3.0,0.0,1.0,1.22,7.31,12.81
192166,2223,T1,2023-02-01,Kasimpasa,Giresunspor,5.0,1.0,H,3.0,1.0,H,13.0,12.0,7.0,6.0,15.0,8.0,4.0,6.0,2.0,2.0,0.0,0.0,2.04,3.88,3.55
192180,2223,T1,2023-02-02,Kayserispor,Buyuksehyr,1.0,0.0,H,0.0,0.0,D,20.0,25.0,9.0,5.0,13.0,18.0,5.0,10.0,2.0,3.0,0.0,0.0,3.1,3.32,2.47
192181,2223,T1,2023-02-02,Konyaspor,Istanbulspor,0.0,1.0,A,0.0,0.0,D,15.0,14.0,2.0,3.0,13.0,8.0,5.0,4.0,2.0,1.0,0.0,0.0,1.52,4.64,6.42
192183,2223,T1,2023-02-02,Ad. Demirspor,Fenerbahce,1.0,1.0,D,0.0,0.0,D,22.0,8.0,10.0,3.0,15.0,15.0,8.0,3.0,2.0,3.0,0.0,0.0,3.36,4.04,2.07
192264,2223,T1,2023-02-04,Antalyaspor,Gaziantep,1.0,0.0,H,1.0,0.0,H,10.0,12.0,2.0,3.0,14.0,8.0,5.0,7.0,3.0,5.0,0.0,1.0,1.96,3.84,3.87
192265,2223,T1,2023-02-04,Sivasspor,Besiktas,1.0,0.0,H,1.0,0.0,H,9.0,9.0,2.0,0.0,15.0,20.0,3.0,5.0,2.0,2.0,0.0,0.0,3.56,3.66,2.11
192266,2223,T1,2023-02-04,Ankaragucu,Karagumruk,0.0,2.0,A,0.0,1.0,A,14.0,17.0,4.0,4.0,12.0,12.0,10.0,2.0,0.0,1.0,0.0,0.0,2.16,3.79,3.32
192344,2223,T1,2023-02-05,Galatasaray,Trabzonspor,2.0,1.0,H,1.0,1.0,D,23.0,11.0,10.0,2.0,19.0,16.0,6.0,5.0,1.0,3.0,0.0,0.0,1.7,4.23,4.86
192345,2223,T1,2023-02-05,Hatayspor,Kasimpasa,1.0,0.0,H,0.0,0.0,D,13.0,14.0,3.0,0.0,13.0,12.0,5.0,8.0,2.0,3.0,0.0,0.0,2.39,3.77,2.9
192346,2223,T1,2023-02-05,Istanbulspor,Alanyaspor,2.0,1.0,H,0.0,0.0,D,7.0,14.0,4.0,5.0,7.0,10.0,1.0,11.0,1.0,0.0,0.0,0.0,3.24,3.88,2.16
192845,2223,T1,2023-02-25,Giresunspor,Kayserispor,1.0,2.0,A,0.0,2.0,A,29.0,11.0,6.0,5.0,16.0,15.0,9.0,4.0,3.0,7.0,0.0,0.0,2.6,3.43,2.84
192846,2223,T1,2023-02-25,Fenerbahce,Konyaspor,4.0,0.0,H,2.0,0.0,H,14.0,6.0,5.0,4.0,19.0,16.0,3.0,1.0,1.0,4.0,0.0,1.0,1.51,4.63,6.55
192884,2223,T1,2023-02-25,Umraniyespor,Gaziantep,3.0,0.0,H,,,,,,,,,,,,,,,,,,
192980,2223,T1,2023-02-26,Umraniyespor,Ad. Demirspor,1.0,1.0,D,0.0,0.0,D,17.0,22.0,7.0,10.0,20.0,10.0,7.0,7.0,0.0,0.0,0.0,0.0,3.47,3.96,2.05
192981,2223,T1,2023-02-26,Besiktas,Antalyaspor,0.0,0.0,D,0.0,0.0,D,20.0,3.0,5.0,1.0,12.0,16.0,8.0,1.0,1.0,3.0,0.0,0.0,1.66,4.14,5.32
193067,2223,T1,2023-03-03,Alanyaspor,Buyuksehyr,1.0,0.0,H,0.0,0.0,D,9.0,12.0,3.0,4.0,9.0,16.0,2.0,10.0,1.0,2.0,1.0,0.0,2.71,3.34,2.78
193120,2223,T1,2023-03-04,Karagumruk,Sivasspor,4.0,3.0,H,1.0,1.0,D,16.0,20.0,9.0,7.0,18.0,8.0,4.0,5.0,3.0,1.0,0.0,0.0,2.26,3.53,3.32
193121,2223,T1,2023-03-04,Trabzonspor,Umraniyespor,1.0,2.0,A,0.0,0.0,D,25.0,12.0,7.0,7.0,12.0,11.0,7.0,3.0,2.0,4.0,1.0,0.0,1.46,4.79,7.34
193122,2223,T1,2023-03-04,Kayserispor,Fenerbahce,1.0,2.0,A,0.0,1.0,A,15.0,17.0,3.0,4.0,13.0,11.0,10.0,7.0,0.0,1.0,0.0,0.0,4.48,3.86,1.83
193228,2223,T1,2023-03-05,Ad. Demirspor,Hatayspor,3.0,0.0,H,,,,,,,,,,,,,,,,,,
193229,2223,T1,2023-03-05,Gaziantep,Galatasaray,0.0,3.0,A,,,,,,,,,,,,,,,,,,
193231,2223,T1,2023-03-05,Konyaspor,Giresunspor,0.0,0.0,D,0.0,0.0,D,18.0,6.0,6.0,1.0,14.0,13.0,2.0,1.0,3.0,4.0,0.0,0.0,1.87,3.74,4.25
193241,2223,T1,2023-03-05,Besiktas,Ankaragucu,2.0,1.0,H,1.0,0.0,H,20.0,10.0,10.0,4.0,18.0,15.0,2.0,6.0,3.0,1.0,0.0,0.0,1.52,4.77,6.11
193246,2223,T1,2023-03-06,Kasimpasa,Antalyaspor,3.0,1.0,H,2.0,1.0,H,10.0,15.0,4.0,2.0,15.0,10.0,3.0,7.0,2.0,1.0,0.0,0.0,2.31,3.47,3.15
193287,2223,T1,2023-03-10,Giresunspor,Karagumruk,2.0,2.0,D,2.0,1.0,H,5.0,12.0,3.0,5.0,18.0,16.0,2.0,2.0,2.0,2.0,0.0,0.0,2.45,3.69,2.83
193393,2223,T1,2023-03-11,Galatasaray,Kasimpasa,1.0,0.0,H,0.0,0.0,D,16.0,7.0,3.0,2.0,13.0,18.0,7.0,1.0,3.0,2.0,0.0,0.0,1.29,6.29,9.65
193395,2223,T1,2023-03-11,Antalyaspor,Kayserispor,4.0,0.0,H,1.0,0.0,H,20.0,5.0,10.0,1.0,13.0,18.0,7.0,2.0,1.0,0.0,0.0,0.0,2.24,3.44,3.45
193450,2223,T1,2023-03-12,Hatayspor,Konyaspor,0.0,3.0,A,,,,,,,,,,,,,,,,,,
193453,2223,T1,2023-03-12,Trabzonspor,Ad. Demirspor,4.0,1.0,H,1.0,1.0,D,15.0,21.0,6.0,4.0,12.0,11.0,7.0,6.0,1.0,1.0,0.0,1.0,1.73,4.11,4.78
193454,2223,T1,2023-03-12,Ankaragucu,Alanyaspor,2.0,0.0,H,1.0,0.0,H,18.0,10.0,6.0,1.0,16.0,17.0,4.0,2.0,2.0,2.0,0.0,0.0,2.31,3.35,3.31
193456,2223,T1,2023-03-12,Buyuksehyr,Besiktas,0.0,2.0,A,0.0,1.0,A,13.0,12.0,2.0,4.0,9.0,15.0,10.0,5.0,0.0,2.0,1.0,0.0,2.76,3.34,2.67
193461,2223,T1,2023-03-13,Istanbulspor,Sivasspor,3.0,0.0,H,1.0,0.0,H,8.0,7.0,4.0,2.0,13.0,12.0,3.0,3.0,3.0,4.0,0.0,1.0,3.22,3.53,2.28
193500,2223,T1,2023-03-17,Konyaspor,Galatasaray,2.0,1.0,H,0.0,1.0,A,15.0,17.0,3.0,7.0,19.0,19.0,4.0,6.0,6.0,4.0,0.0,0.0,4.37,3.79,1.84
193596,2223,T1,2023-03-18,Kasimpasa,Umraniyespor,1.0,1.0,D,1.0,1.0,D,20.0,7.0,3.0,2.0,14.0,23.0,9.0,5.0,1.0,1.0,0.0,0.0,1.82,4.16,4.18
193597,2223,T1,2023-03-18,Ad. Demirspor,Antalyaspor,2.0,0.0,H,2.0,0.0,H,17.0,10.0,6.0,2.0,11.0,14.0,4.0,2.0,1.0,2.0,0.0,0.0,1.79,4.18,4.32
193598,2223,T1,2023-03-18,Besiktas,Istanbulspor,3.0,1.0,H,1.0,0.0,H,12.0,10.0,3.0,2.0,13.0,9.0,8.0,2.0,0.0,2.0,0.0,0.0,1.26,6.41,11.24
193659,2223,T1,2023-03-19,Kayserispor,Hatayspor,3.0,0.0,H,,,,,,,,,,,,,,,,,,
193660,2223,T1,2023-03-19,Gaziantep,Trabzonspor,0.0,3.0,A,,,,,,,,,,,,,,,,,,
193661,2223,T1,2023-03-19,Alanyaspor,Fenerbahce,1.0,3.0,A,1.0,0.0,H,4.0,14.0,2.0,5.0,10.0,7.0,1.0,7.0,2.0,2.0,0.0,0.0,4.46,4.2,1.76
193662,2223,T1,2023-03-19,Sivasspor,Ankaragucu,2.0,0.0,H,1.0,0.0,H,24.0,7.0,7.0,1.0,10.0,6.0,3.0,5.0,0.0,0.0,0.0,0.0,2.3,3.35,3.4
193667,2223,T1,2023-03-19,Karagumruk,Buyuksehyr,2.0,2.0,D,1.0,1.0,D,12.0,14.0,5.0,5.0,14.0,11.0,2.0,7.0,2.0,1.0,0.0,0.0,2.95,3.46,2.51
193858,2223,T1,2023-04-01,Galatasaray,Ad. Demirspor,2.0,0.0,H,0.0,0.0,D,19.0,9.0,4.0,1.0,22.0,13.0,8.0,4.0,4.0,4.0,0.0,0.0,1.46,5.12,6.53
193859,2223,T1,2023-04-01,Trabzonspor,Kayserispor,3.0,4.0,A,1.0,2.0,A,21.0,14.0,6.0,4.0,11.0,12.0,4.0,2.0,0.0,1.0,0.0,0.0,1.53,4.44,6.59
193860,2223,T1,2023-04-01,Buyuksehyr,Ankaragucu,1.0,0.0,H,1.0,0.0,H,16.0,11.0,9.0,2.0,16.0,18.0,3.0,5.0,3.0,2.0,0.0,0.0,1.81,3.73,4.81
193911,2223,T1,2023-04-02,Umraniyespor,Konyaspor,2.0,2.0,D,0.0,0.0,D,7.0,11.0,3.0,3.0,14.0,7.0,4.0,7.0,2.0,1.0,0.0,0.0,3.09,3.51,2.36
193912,2223,T1,2023-04-02,Giresunspor,Alanyaspor,2.0,2.0,D,0.0,1.0,A,22.0,10.0,7.0,4.0,15.0,20.0,7.0,2.0,2.0,4.0,0.0,0.0,2.51,3.64,2.8
193913,2223,T1,2023-04-02,Gaziantep,Kasimpasa,0.0,3.0,A,,,,,,,,,,,,,,,,,,
193914,2223,T1,2023-04-02,Hatayspor,Sivasspor,0.0,3.0,A,,,,,,,,,,,,,,,,,,
193915,2223,T1,2023-04-02,Fenerbahce,Besiktas,2.0,4.0,A,1.0,0.0,H,21.0,8.0,8.0,5.0,16.0,18.0,8.0,2.0,3.0,6.0,0.0,1.0,1.91,3.92,4.01
193948,2223,T1,2023-04-03,Istanbulspor,Karagumruk,0.0,1.0,A,0.0,1.0,A,11.0,11.0,3.0,5.0,11.0,19.0,8.0,3.0,5.0,3.0,0.0,1.0,3.19,3.66,2.24
193972,2223,T1,2023-04-07,Konyaspor,Antalyaspor,1.0,1.0,D,1.0,1.0,D,11.0,9.0,3.0,2.0,13.0,14.0,6.0,4.0,2.0,3.0,0.0,0.0,2.32,3.29,3.41
194044,2223,T1,2023-04-08,Ankaragucu,Istanbulspor,3.0,2.0,H,2.0,0.0,H,9.0,13.0,6.0,8.0,16.0,17.0,8.0,4.0,1.0,4.0,0.0,0.0,1.67,4.21,5.17
194070,2223,T1,2023-04-08,Kasimpasa,Trabzonspor,2.0,0.0,H,1.0,0.0,H,15.0,11.0,7.0,3.0,17.0,10.0,5.0,5.0,0.0,0.0,0.0,0.0,3.0,3.89,2.29
194114,2223,T1,2023-04-09,Sivasspor,Buyuksehyr,1.0,1.0,D,1.0,0.0,H,11.0,7.0,5.0,2.0,14.0,10.0,6.0,2.0,2.0,0.0,0.0,0.0,2.99,3.05,2.71
194122,2223,T1,2023-04-09,Ad. Demirspor,Gaziantep,3.0,0.0,H,,,,,,,,,,,,,,,,,,
194124,2223,T1,2023-04-09,Besiktas,Giresunspor,3.0,1.0,H,2.0,1.0,H,16.0,8.0,10.0,1.0,16.0,11.0,7.0,3.0,2.0,4.0,0.0,0.0,1.41,5.11,7.74
194133,2223,T1,2023-04-09,Alanyaspor,Hatayspor,3.0,0.0,H,,,,,,,,,,,,,,,,,,
194182,2223,T1,2023-04-10,Karagumruk,Fenerbahce,1.0,2.0,A,1.0,0.0,H,8.0,11.0,4.0,4.0,16.0,15.0,1.0,4.0,1.0,1.0,0.0,0.0,4.76,4.28,1.68
194206,2223,T1,2023-04-10,Kayserispor,Umraniyespor,3.0,1.0,H,1.0,1.0,D,18.0,20.0,5.0,5.0,22.0,12.0,5.0,7.0,4.0,4.0,0.0,1.0,1.83,3.92,4.24
194239,2223,T1,2023-04-14,Galatasaray,Kayserispor,6.0,0.0,H,4.0,0.0,H,29.0,8.0,17.0,1.0,11.0,15.0,2.0,7.0,2.0,0.0,0.0,1.0,1.34,5.79,8.47
194240,2223,T1,2023-04-14,Antalyaspor,Alanyaspor,3.0,1.0,H,2.0,1.0,H,15.0,9.0,8.0,3.0,12.0,13.0,4.0,1.0,2.0,2.0,0.0,1.0,1.93,3.67,4.19
194243,2223,T1,2023-04-15,Fenerbahce,Ankaragucu,2.0,1.0,H,0.0,0.0,D,19.0,10.0,9.0,4.0,14.0,26.0,8.0,7.0,2.0,7.0,0.0,0.0,1.35,5.5,9.05
194263,2223,T1,2023-04-15,Ad. Demirspor,Kasimpasa,5.0,0.0,H,3.0,0.0,H,22.0,6.0,12.0,2.0,7.0,17.0,7.0,0.0,2.0,3.0,0.0,0.0,1.75,4.29,4.43
194264,2223,T1,2023-04-15,Istanbulspor,Buyuksehyr,1.0,0.0,H,1.0,0.0,H,9.0,13.0,4.0,5.0,16.0,15.0,4.0,6.0,2.0,6.0,0.0,0.0,4.77,3.68,1.82
194373,2223,T1,2023-04-16,Trabzonspor,Besiktas,0.0,0.0,D,0.0,0.0,D,12.0,12.0,4.0,5.0,11.0,18.0,6.0,8.0,4.0,2.0,0.0,0.0,2.97,3.52,2.46
194375,2223,T1,2023-04-16,Hatayspor,Karagumruk,0.0,3.0,A,,,,,,,,,,,,,,,,,,
194378,2223,T1,2023-04-16,Giresunspor,Sivasspor,1.0,0.0,H,1.0,0.0,H,9.0,11.0,3.0,4.0,13.0,13.0,2.0,6.0,3.0,2.0,0.0,0.0,2.62,3.38,2.82
194388,2223,T1,2023-04-16,Gaziantep,Konyaspor,0.0,3.0,A,,,,,,,,,,,,,,,,,,
194428,2223,T1,2023-04-18,Alanyaspor,Galatasaray,1.0,4.0,A,1.0,2.0,A,10.0,19.0,2.0,13.0,16.0,12.0,6.0,3.0,3.0,1.0,0.0,0.0,6.04,4.85,1.5
194429,2223,T1,2023-04-18,Karagumruk,Umraniyespor,4.0,2.0,H,2.0,1.0,H,16.0,19.0,8.0,4.0,15.0,11.0,5.0,8.0,5.0,2.0,0.0,0.0,1.85,4.12,4.04
194461,2223,T1,2023-04-19,Konyaspor,Ad. Demirspor,1.0,2.0,A,1.0,1.0,D,12.0,11.0,2.0,7.0,17.0,12.0,6.0,3.0,3.0,2.0,0.0,1.0,2.52,3.72,2.76
194462,2223,T1,2023-04-19,Buyuksehyr,Fenerbahce,1.0,2.0,A,1.0,0.0,H,6.0,20.0,3.0,5.0,18.0,6.0,5.0,4.0,9.0,1.0,2.0,0.0,4.15,3.85,1.89
194463,2223,T1,2023-04-19,Besiktas,Hatayspor,3.0,0.0,H,,,,,,,,,,,,,,,,,,
194465,2223,T1,2023-04-19,Istanbulspor,Antalyaspor,3.0,3.0,D,2.0,1.0,H,8.0,17.0,6.0,6.0,19.0,10.0,3.0,5.0,8.0,1.0,0.0,0.0,3.39,3.5,2.24
194468,2223,T1,2023-04-19,Kayserispor,Kasimpasa,0.0,0.0,D,0.0,0.0,D,8.0,8.0,3.0,2.0,15.0,10.0,3.0,3.0,1.0,2.0,0.0,1.0,2.38,3.82,2.9
194473,2223,T1,2023-04-20,Ankaragucu,Giresunspor,3.0,1.0,H,0.0,1.0,A,20.0,3.0,6.0,0.0,8.0,6.0,6.0,2.0,1.0,2.0,0.0,0.0,1.96,3.75,3.96
194474,2223,T1,2023-04-20,Sivasspor,Trabzonspor,4.0,1.0,H,2.0,1.0,H,18.0,4.0,10.0,2.0,10.0,11.0,6.0,1.0,1.0,1.0,0.0,1.0,2.82,3.36,2.67
194538,2223,T1,2023-04-22,Umraniyespor,Besiktas,0.0,2.0,A,0.0,1.0,A,8.0,16.0,2.0,6.0,7.0,19.0,3.0,9.0,0.0,2.0,0.0,0.0,4.69,4.23,1.72
194616,2223,T1,2023-04-23,Kasimpasa,Konyaspor,1.0,2.0,A,1.0,2.0,A,17.0,13.0,9.0,6.0,12.0,12.0,9.0,4.0,2.0,1.0,0.0,0.0,2.41,3.66,2.95
194617,2223,T1,2023-04-23,Ad. Demirspor,Kayserispor,5.0,3.0,H,4.0,3.0,H,16.0,14.0,6.0,3.0,8.0,13.0,5.0,3.0,2.0,3.0,0.0,1.0,1.61,4.63,5.22
194618,2223,T1,2023-04-23,Galatasaray,Karagumruk,3.0,3.0,D,2.0,3.0,A,24.0,7.0,9.0,3.0,14.0,14.0,5.0,4.0,0.0,3.0,0.0,0.0,1.32,6.03,8.64
194619,2223,T1,2023-04-23,Gaziantep,Alanyaspor,0.0,3.0,A,,,,,,,,,,,,,,,,,,
194642,2223,T1,2023-04-23,Hatayspor,Ankaragucu,0.0,3.0,A,,,,,,,,,,,,,,,,,,
194664,2223,T1,2023-04-24,Giresunspor,Buyuksehyr,2.0,4.0,A,0.0,4.0,A,25.0,14.0,8.0,6.0,14.0,20.0,9.0,1.0,2.0,3.0,0.0,0.0,2.9,3.62,2.42
194668,2223,T1,2023-04-24,Antalyaspor,Sivasspor,1.0,2.0,A,0.0,2.0,A,21.0,9.0,7.0,3.0,12.0,16.0,14.0,4.0,0.0,2.0,0.0,0.0,2.15,3.42,3.61
194669,2223,T1,2023-04-24,Fenerbahce,Istanbulspor,3.0,3.0,D,1.0,0.0,H,15.0,7.0,5.0,4.0,14.0,14.0,6.0,1.0,3.0,4.0,0.0,0.0,1.22,7.28,11.29
194718,2223,T1,2023-04-28,Alanyaspor,Umraniyespor,1.0,0.0,H,1.0,0.0,H,8.0,13.0,4.0,6.0,11.0,13.0,4.0,6.0,0.0,2.0,0.0,0.0,2.01,3.95,3.6
194783,2223,T1,2023-04-29,Ankaragucu,Kasimpasa,0.0,0.0,D,0.0,0.0,D,6.0,8.0,2.0,3.0,14.0,12.0,5.0,3.0,1.0,2.0,0.0,0.0,2.0,3.81,3.76
194784,2223,T1,2023-04-29,Konyaspor,Trabzonspor,2.0,1.0,H,1.0,1.0,D,12.0,8.0,5.0,3.0,13.0,17.0,6.0,5.0,2.0,2.0,0.0,1.0,2.6,3.44,2.84
194807,2223,T1,2023-04-29,Sivasspor,Fenerbahce,1.0,3.0,A,0.0,3.0,A,10.0,7.0,3.0,4.0,9.0,19.0,3.0,1.0,0.0,4.0,0.0,1.0,4.9,3.93,1.75
194812,2223,T1,2023-04-29,Karagumruk,Antalyaspor,0.0,1.0,A,0.0,1.0,A,4.0,8.0,2.0,2.0,14.0,10.0,5.0,5.0,1.0,0.0,0.0,0.0,2.5,3.83,2.72
194845,2223,T1,2023-04-30,Besiktas,Galatasaray,3.0,1.0,H,1.0,1.0,D,13.0,7.0,6.0,1.0,12.0,13.0,4.0,1.0,6.0,2.0,0.0,0.0,2.72,3.67,2.58
194852,2223,T1,2023-04-30,Buyuksehyr,Hatayspor,3.0,0.0,H,,,,,,,,,,,,,,,,,,
194862,2223,T1,2023-04-30,Kayserispor,Gaziantep,3.0,0.0,H,,,,,,,,,,,,,,,,,,
194877,2223,T1,2023-05-01,Istanbulspor,Giresunspor,1.0,0.0,H,1.0,0.0,H,5.0,20.0,2.0,6.0,5.0,12.0,3.0,4.0,3.0,2.0,1.0,0.0,2.49,3.48,2.91
194961,2223,T1,2023-05-06,Antalyaspor,Besiktas,1.0,3.0,A,1.0,0.0,H,9.0,11.0,3.0,5.0,11.0,10.0,3.0,5.0,1.0,0.0,1.0,0.0,3.61,3.7,2.08
194981,2223,T1,2023-05-06,Ad. Demirspor,Alanyaspor,4.0,2.0,H,2.0,2.0,D,17.0,13.0,8.0,5.0,9.0,13.0,2.0,2.0,1.0,2.0,0.0,0.0,1.57,4.83,5.35
195018,2223,T1,2023-05-07,Gaziantep,Karagumruk,0.0,3.0,A,,,,,,,,,,,,,,,,,,
195037,2223,T1,2023-05-07,Hatayspor,Istanbulspor,0.0,3.0,A,,,,,,,,,,,,,,,,,,
195043,2223,T1,2023-05-07,Giresunspor,Fenerbahce,1.0,1.0,D,0.0,1.0,A,7.0,11.0,5.0,4.0,14.0,14.0,3.0,11.0,5.0,2.0,0.0,0.0,6.62,4.61,1.51
195044,2223,T1,2023-05-07,Konyaspor,Kayserispor,2.0,2.0,D,0.0,0.0,D,7.0,8.0,3.0,4.0,14.0,7.0,3.0,7.0,1.0,1.0,0.0,0.0,1.75,4.12,4.65
195045,2223,T1,2023-05-07,Umraniyespor,Sivasspor,4.0,1.0,H,2.0,1.0,H,15.0,5.0,9.0,2.0,21.0,14.0,7.0,7.0,6.0,1.0,0.0,1.0,3.11,3.48,2.39
195084,2223,T1,2023-05-08,Galatasaray,Buyuksehyr,1.0,0.0,H,1.0,0.0,H,19.0,8.0,5.0,5.0,10.0,5.0,10.0,4.0,2.0,1.0,0.0,0.0,1.44,4.78,7.51
195085,2223,T1,2023-05-08,Trabzonspor,Ankaragucu,2.0,0.0,H,1.0,0.0,H,14.0,3.0,5.0,0.0,11.0,5.0,5.0,4.0,1.0,1.0,0.0,1.0,1.83,3.88,4.32
195206,2223,T1,2023-05-16,Alanyaspor,Konyaspor,0.0,3.0,A,0.0,1.0,A,12.0,14.0,5.0,6.0,12.0,11.0,3.0,3.0,4.0,2.0,0.0,0.0,2.4,3.93,2.81
195207,2223,T1,2023-05-16,Istanbulspor,Galatasaray,0.0,2.0,A,0.0,1.0,A,9.0,20.0,1.0,5.0,12.0,10.0,3.0,9.0,3.0,1.0,0.0,1.0,8.99,6.18,1.31
195208,2223,T1,2023-05-16,Sivasspor,Kasimpasa,1.0,2.0,A,0.0,0.0,D,15.0,6.0,1.0,3.0,11.0,11.0,6.0,1.0,3.0,1.0,0.0,1.0,1.96,3.72,4.0
195209,2223,T1,2023-05-17,Karagumruk,Ad. Demirspor,2.0,3.0,A,1.0,0.0,H,13.0,19.0,6.0,6.0,12.0,10.0,1.0,8.0,4.0,2.0,0.0,0.0,3.14,4.15,2.13
195210,2223,T1,2023-05-17,Buyuksehyr,Umraniyespor,1.0,1.0,D,1.0,0.0,H,6.0,14.0,3.0,4.0,13.0,7.0,3.0,4.0,2.0,1.0,1.0,0.0,1.71,4.24,4.79
195211,2223,T1,2023-05-17,Ankaragucu,Antalyaspor,1.0,1.0,D,0.0,0.0,D,10.0,7.0,3.0,4.0,7.0,15.0,3.0,2.0,1.0,3.0,0.0,0.0,2.43,3.48,3.05
195212,2223,T1,2023-05-17,Besiktas,Gaziantep,3.0,0.0,H,,,,,,,,,,,,,,,,,,
195213,2223,T1,2023-05-17,Giresunspor,Hatayspor,3.0,0.0,H,,,,,,,,,,,,,,,,,,
195215,2223,T1,2023-05-18,Fenerbahce,Trabzonspor,3.0,1.0,H,1.0,0.0,H,13.0,9.0,9.0,6.0,10.0,14.0,9.0,3.0,0.0,2.0,0.0,0.0,1.57,4.47,5.82
195258,2223,T1,2023-05-20,Kasimpasa,Istanbulspor,1.0,0.0,H,0.0,0.0,D,11.0,9.0,7.0,3.0,16.0,9.0,8.0,4.0,2.0,1.0,0.0,0.0,1.86,4.14,3.98
195259,2223,T1,2023-05-20,Galatasaray,Sivasspor,2.0,0.0,H,1.0,0.0,H,11.0,4.0,3.0,2.0,13.0,12.0,6.0,3.0,1.0,1.0,0.0,0.0,1.3,6.33,8.93
195271,2223,T1,2023-05-20,Kayserispor,Alanyaspor,0.0,4.0,A,0.0,2.0,A,19.0,7.0,7.0,6.0,3.0,19.0,12.0,2.0,0.0,2.0,0.0,0.0,2.16,3.88,3.25
195322,2223,T1,2023-05-21,Hatayspor,Fenerbahce,0.0,3.0,A,,,,,,,,,,,,,,,,,,
195326,2223,T1,2023-05-21,Gaziantep,Giresunspor,0.0,3.0,A,,,,,,,,,,,,,,,,,,
195328,2223,T1,2023-05-21,Antalyaspor,Buyuksehyr,0.0,0.0,D,0.0,0.0,D,15.0,5.0,9.0,4.0,12.0,7.0,6.0,2.0,0.0,2.0,0.0,0.0,2.21,3.49,3.47
195329,2223,T1,2023-05-21,Ad. Demirspor,Besiktas,1.0,4.0,A,1.0,1.0,D,18.0,14.0,7.0,11.0,13.0,15.0,6.0,8.0,4.0,5.0,0.0,0.0,2.36,3.91,2.87
195330,2223,T1,2023-05-21,Umraniyespor,Ankaragucu,1.0,2.0,A,1.0,1.0,D,12.0,14.0,3.0,6.0,12.0,10.0,4.0,9.0,2.0,2.0,0.0,0.0,2.52,3.75,2.74
195335,2223,T1,2023-05-22,Trabzonspor,Karagumruk,4.0,1.0,H,3.0,1.0,H,12.0,9.0,6.0,3.0,13.0,7.0,2.0,1.0,1.0,0.0,0.0,0.0,1.63,4.45,5.05
195459,2223,T1,2023-05-30,Istanbulspor,Ad. Demirspor,0.0,2.0,A,0.0,1.0,A,20.0,25.0,6.0,9.0,7.0,6.0,16.0,8.0,1.0,1.0,0.0,0.0,2.02,4.39,3.0
195460,2223,T1,2023-05-30,Fenerbahce,Antalyaspor,2.0,0.0,H,1.0,0.0,H,15.0,8.0,8.0,3.0,11.0,10.0,8.0,2.0,1.0,3.0,0.0,0.0,1.36,5.74,8.04
195461,2223,T1,2023-05-30,Hatayspor,Umraniyespor,0.0,3.0,A,,,,,,,,,,,,,,,,,,
195462,2223,T1,2023-05-30,Karagumruk,Kayserispor,2.0,0.0,H,2.0,0.0,H,19.0,7.0,6.0,0.0,7.0,11.0,4.0,4.0,2.0,2.0,0.0,1.0,2.0,4.47,3.27
195463,2223,T1,2023-05-30,Sivasspor,Konyaspor,1.0,0.0,H,1.0,0.0,H,9.0,6.0,2.0,2.0,17.0,14.0,4.0,2.0,1.0,2.0,0.0,0.0,2.04,3.78,3.65
195464,2223,T1,2023-05-30,Buyuksehyr,Gaziantep,3.0,0.0,H,,,,,,,,,,,,,,,,,,
195465,2223,T1,2023-05-30,Ankaragucu,Galatasaray,1.0,4.0,A,1.0,2.0,A,14.0,18.0,7.0,10.0,9.0,13.0,4.0,7.0,3.0,0.0,0.0,0.0,5.78,5.1,1.51
195466,2223,T1,2023-05-30,Alanyaspor,Kasimpasa,1.0,3.0,A,0.0,0.0,D,14.0,18.0,4.0,8.0,14.0,3.0,5.0,2.0,1.0,1.0,0.0,0.0,2.3,3.82,3.02
195467,2223,T1,2023-05-30,Giresunspor,Trabzonspor,2.0,4.0,A,0.0,2.0,A,11.0,25.0,3.0,12.0,12.0,13.0,1.0,7.0,1.0,3.0,0.0,0.0,2.49,4.05,2.63
195491,2223,T1,2023-06-03,Gaziantep,Istanbulspor,0.0,3.0,A,,,,,,,,,,,,,,,,,,
195492,2223,T1,2023-06-03,Kasimpasa,Besiktas,2.0,5.0,A,0.0,2.0,A,15.0,16.0,6.0,6.0,11.0,13.0,5.0,5.0,2.0,3.0,0.0,0.0,4.45,4.52,1.71
195493,2223,T1,2023-06-03,Ad. Demirspor,Buyuksehyr,2.0,3.0,A,1.0,2.0,A,25.0,15.0,11.0,6.0,7.0,14.0,9.0,8.0,1.0,1.0,0.0,0.0,1.79,4.26,4.24
195494,2223,T1,2023-06-03,Kayserispor,Ankaragucu,0.0,1.0,A,0.0,1.0,A,8.0,5.0,4.0,1.0,16.0,9.0,7.0,1.0,0.0,1.0,0.0,0.0,2.41,3.64,2.97
195495,2223,T1,2023-06-03,Trabzonspor,Alanyaspor,5.0,1.0,H,4.0,1.0,H,23.0,6.0,10.0,4.0,7.0,9.0,5.0,2.0,0.0,0.0,0.0,1.0,1.52,4.98,5.8
195496,2223,T1,2023-06-03,Umraniyespor,Giresunspor,0.0,1.0,A,0.0,1.0,A,8.0,8.0,1.0,4.0,17.0,13.0,5.0,4.0,5.0,1.0,0.0,0.0,2.46,3.95,2.72
195497,2223,T1,2023-06-03,Antalyaspor,Hatayspor,3.0,0.0,H,,,,,,,,,,,,,,,,,,
195498,2223,T1,2023-06-03,Konyaspor,Karagumruk,1.0,1.0,D,1.0,1.0,D,21.0,18.0,6.0,5.0,13.0,6.0,3.0,3.0,3.0,1.0,0.0,0.0,1.9,4.72,3.43
195499,2223,T1,2023-06-04,Galatasaray,Fenerbahce,3.0,0.0,H,1.0,0.0,H,13.0,2.0,6.0,0.0,12.0,14.0,6.0,3.0,1.0,2.0,0.0,1.0,2.07,3.74,3.58
195516,2223,T1,2023-06-06,Buyuksehyr,Trabzonspor,3.0,1.0,H,1.0,0.0,H,16.0,17.0,6.0,4.0,6.0,10.0,3.0,5.0,0.0,0.0,0.0,0.0,2.43,3.87,2.8
195517,2223,T1,2023-06-06,Sivasspor,Kayserispor,1.0,1.0,D,1.0,1.0,D,15.0,10.0,3.0,2.0,16.0,10.0,6.0,1.0,0.0,1.0,0.0,0.0,1.74,4.32,4.44
195518,2223,T1,2023-06-06,Karagumruk,Kasimpasa,3.0,0.0,H,1.0,0.0,H,11.0,14.0,6.0,2.0,10.0,12.0,0.0,11.0,3.0,1.0,0.0,0.0,2.23,4.32,2.87
195519,2223,T1,2023-06-07,Giresunspor,Antalyaspor,2.0,0.0,H,1.0,0.0,H,5.0,18.0,3.0,5.0,12.0,11.0,3.0,11.0,3.0,1.0,1.0,0.0,1.88,4.02,3.76
195520,2223,T1,2023-06-07,Fenerbahce,Gaziantep,3.0,0.0,H,,,,,,,,,,,,,,,,,,
195521,2223,T1,2023-06-07,Istanbulspor,Umraniyespor,4.0,0.0,H,1.0,0.0,H,24.0,3.0,12.0,1.0,13.0,10.0,8.0,1.0,3.0,1.0,0.0,0.0,1.49,4.67,6.02
195522,2223,T1,2023-06-07,Ankaragucu,Ad. Demirspor,1.0,2.0,A,0.0,1.0,A,16.0,11.0,7.0,5.0,13.0,9.0,7.0,1.0,0.0,0.0,0.0,0.0,2.26,4.16,2.9
195523,2223,T1,2023-06-07,Hatayspor,Galatasaray,0.0,3.0,A,,,,,,,,,,,,,,,,,,
195524,2223,T1,2023-06-07,Besiktas,Konyaspor,3.0,3.0,D,2.0,1.0,H,17.0,6.0,8.0,3.0,13.0,12.0,9.0,3.0,1.0,3.0,0.0,1.0,1.4,5.41,7.56
